address|balance
0x7e7f18a02eccaa5d61ab8fbf030343c434a25ef7|66.85
0x42d34940edd2e7005d46e2188e4cfece8311d74d|158.0
0x9374869d4a9911ee1eaf558bc4c2b63ec63acfdd|1000.0
0x30037988702671acbe892c03fe5788aa98af287a|272.9975853990473
0x03eb3cb860f6028da554d344a2bb5a500ae8b86f|499.498278
0xb1e6e810c24ab0488de9e01e574837829f7c77d0|400.0
0x0ef85b49d08a75198692914eddb4b22cf5fa4450|1152.793364
0xe10ac19c546fc2547c61c139f5d1f45a6666d5b0|48.287100393
0x0bdd58b96e7c916dd2fb30356f2aebfaaf1d8630|2000.0
0x21206ce22ea480e85940d31314e0d64f4e4d3a04|409.0438050001
0x5c6f36af90ab1a656c6ec8c7d521512762bba3e1|1999.8
0x8b7056f6abf3b118d026e944d5c073433ca451d7|480.00921289577775
0x89e3b59a15864737d493c1d23cc53dbf8dcb1362|30.092734
0xbffb6929241f788693273e7022e60e3eab1fe84f|500.00517
0xea8f30b6e4c5e65290fb9864259bc5990fa8ee8a|20.0
0x71135d8f05963c905a4a07922909235a896a52ea|3000.0
0x851c0d62be4635d4777e8035e37e4ba8517c6132|77.91156241645551
0xcee699c0707a7836252b292f047ce8ad289b2f55|324.7
0x5a7735007d70b06844da9901cdfadb11a2582c2f|6000.0055
0xdc703a5f3794c84d6cb3544918cae14a35c3bd4f|926.5042361799792
0x30513fca9f36fd788cfea7a340e86df98294a244|447.0
0x8a36869ad478997cbf6d8924d20a3c8018e9855b|20.0
0xb1cd4bdfd104489a026ec99d597307a04279f173|20000.0
0x136c834bf111326d207395295b2e583ea7f33572|100.0
0xd9f547f2c1de0ed98a53d161df57635dd21a00bd|98.5
0x40e0dbf3efef9084ea1cd7e503f40b3b4a8443f6|52.78176851790655
0x3fb7d197b3ba4fe045efc23d50a14585f558d9b2|20.0
0xf23c7b0cb8cd59b82bd890644a57daf40c85e278|50.038
0xc85325eab2a59b3ed863c86a5f2906a04229ffa9|465.6
0xe8c3d3b0e17f97d1e756e684f94e1470f99c95a1|400.0
0xb4dd460cd016725a64b22ea4f8e06e06674e033e|19.949358640978154
0x814135da8f9811075783bf1ab67062af8d3e9f40|20.0
0x42ddd014dc52bfbcc555325a40b516f4866a1dd3|2000.0
0xa9d4a2bcbe5b9e0869d70f0fe2e1d6aacd45edc5|82.00023854235715
0xc493489e56c3bdd829007dc2f956412906f76bfa|48.968
0xec5feafe210c12bfc9a5d05925a123f1e73fbef8|45576.10247136868
0x47d20e6ae4cad3f829eac07e5ac97b66fdd56cf5|588.276707781
0xe7be82c6593c1eeddd2ae0b15001ff201ab57b2f|19.1
0x583e83ba55e67e13e0e76f8392d873cd21fbf798|20.0
0xfa279bfd8767f956bf7fa0bd5660168da75686bd|10.499040303114738
0xda34b2eae30bafe8daeccde819a794cd89e09549|2000.0
0x9a63d185a79129fdab19b58bb631ea36a420544e|161.59978616427142
0x1fd296be03ad737c92f9c6869e8d80a71c5714aa|13.37
0xabdc9f1bcf4d19ee96591030e772c334302f7d83|40110.0
0x7d73863038ccca22f96affda10496e51e1e6cd48|20.0
0xfa00c376e89c05e887817a9dd0748d96f341aa89|300.7
0xe04972a83ca4112bc871c72d4ae1616c2f0728db|267.606
0xa43b6da6cb7aac571dff27f09d39f846f53769b1|380.0
0x741693c30376508513082020cc2b63e9fa92131b|149.9557558858722
0x870796abc0db84af82da52a0ed68734de7e636f5|30.670312111695992
0x40585200683a403901372912a89834aadcb55fdb|10.04754495810961
0xbfc57aa666fae28e9f107a49cb5089a4e22151dd|1000.0
0xc3a046e3d2b2bf681488826e32d9c061518cfe8c|2600.0
0x2e619f57abc1e987aa936ae3a2264962e7eb2d9a|756.0
0xb33c0323fbf9c26c1d8ac44ef74391d0804696da|20.0
0xbe86d0b0438419ceb1a038319237ba5206d72e46|439.3917192910314
0x6671b182c9f741a0cd3c356c73c23126d4f9e6f4|200.0
0xb18e67a5050a1dc9fb190919a33da838ef445014|20.0
0x8d544c32c07fd0842c761d53a897d6c950bb7599|200.0
0x7adfedb06d91f3cc7390450b85550270883c7bb7|322.312
0x2c0f5b9df43625798e7e03c1a5fd6a6d091af82b|31.2
0x23569542c97d566018c907acfcf391d14067e87e|2000.0
0x4a7494cce44855cc80582842be958a0d1c0072ee|2400.0
0x6c6564e5c9c24eaaa744c9c7c968c9e2c9f1fbae|1357.8
0x5b30608c678e1ac464a8994c3b33e5cdf3497112|24.14428438777778
0xe9caf827be9d607915b365c83f0d3b7ea8c79b50|10.922914205
0xf355d3ec0cfb907d8dbb1bf3464e458128190bac|4925.6
0x38c7851f5ffd4cee98df30f3b25597af8a6ca263|2631.92
0x04aafc8ae5ce6f4903c89d7fac9cb19512224777|117.544118
0xbcbd31252ec288f91e298cd812c92160e738331a|37.188319915107954
0xda982e9643ffece723075a40fe776e5ace04b29b|160.884
0x8261fa230c901d43ff579f4780d399f31e6076bc|25.534972796568013
0x64464a6805b462412a901d2db8174b06c22deea6|200.00021228
0xd687cec0059087fdc713d4d2d65e77daefedc15f|60.0
0x6ac4d4be2db0d99da3faaaf7525af282051d6a90|80.185
0x8d5ef172bf77315ea64e85d0061986c794c6f519|3940.0
0x766b3759e8794e926dac473d913a8fb61ad0c2c9|86.5
0x3055efd26029e0d11b930df4f53b162c8c3fd2ce|499.938
0x8e98766524b0cf2747c50dd43b9567594d9731de|47.194999488
0x905526568ac123afc0e84aa715124febe83dc87c|17.9
0x0521bc3a9f8711fecb10f50797d71083e341eb9d|20.0
0x79c130c762b8765b19d2abc9a083ab8f3aad7940|18.994414
0xbcc9593b2da6df6a34d71b1aa38dacf876f95b88|20.0
0xc80b36d1beafba5fcc644d60ac6e46ed2927e7dc|13.37
0x5bd23547477f6d09d7b2a005c5ee650c510c56d7|10000.0
0xbfcb9730246304700da90b4153e71141622e1c41|25.053287201058772
0xc33acdb3ba1aab27507b86b15d67faf91ecf6293|2000.0
0x9c9de44724a4054da0eaa605abcc802668778bea|200.02
0xffa696ecbd787e66abae4fe87b635f07ca57d848|1337.0
0x3e0cbe6a6dcb61f110c45ba2aa361d7fcad3da73|1000.9886997964672
0xb9013c51bd078a098fae05bf2ace0849c6be17a5|80.0
0x10df681506e34930ac7a5c67a54c3e89ce92b981|2153.8
0x2c5a2d0abda03bbe215781b4ff296c8c61bdbaf6|30.617
0x66b39837cb3cac8a802afe3f12a258bbca62dacd|99.994993285
0x9aba2b5e27ff78baaab5cdc988b7be855cebbdce|7986.99496
0xc32ec7e42ad16ce3e2555ad4c54306eda0b26758|1101.46665605
0x9b7c8810cc7cc89e804e6d3e38121850472877fe|49.9553999585
0x2c0cc3f951482cc8a2925815684eb9f94e060200|109.90935864097816
0x86026cad3fe4ea1ce7fca260d3d45eb09ea6a364|200.0
0x796ebbf49b3e36d67694ad79f8ff36767ac6fab0|60.8
0x69bcfc1d43b4ba19de7b274bdffb35139412d3d7|985.0
0xd22f0ca4cd479e661775053bcc49e390f670dd8a|1000.0
0x42d6b263d9e9f4116c411424fc9955783c763030|2000.0
0xb8040536958d5998ce4bec0cfc9c2204989848e9|24472.42001
0x63bb664f9117037628594da7e3c5089fd618b5b5|20.0
0x51e43fe0d25c782860af81ea89dd793c13f0cbb1|60.0
0xe3ec18a74ed43855409a26ade7830de8e42685ef|19.7
0x0f832a93df9d7f74cd0fb8546b7198bf5377d925|140.59888253780107
0x0989c200440b878991b69d6095dfe69e33a22e70|1910.0
0x7cd20eccb518b60cab095b720f571570caaa447e|500.0
0x4979194ec9e97db9bee8343b7c77d9d7f3f1dc9f|20.0
0x68df947c495bebaeb8e889b3f953d533874bf106|52.07624737
0xeee9d0526eda01e43116a395322dda8970578f39|507.94630254011827
0x8431277d7bdd10457dc017408c8dbbbd414a8df3|39.4
0x7a7a4f807357a4bbe68e1aa806393210c411ccb3|8889.640734980756
0xea1ea0c599afb9cd36caacbbb52b5bbb97597377|24.52260526655635
0xebb7d2e11bc6b58f0a8d45c2f6de3010570ac891|26.74
0x404100db4c5d0eec557823b58343758bcc2c8083|20.0
0xbfa8c858df102cb12421008b0a31c4c7190ad560|200.0
0x17f14632a7e2820be6e8f6df823558283dadab2d|185.3858197151105
0xd4b2ff3bae1993ffea4d3b180231da439f7502a2|10.99138961673995
0x0770b43dbae4b1f35a927b4fa8124d3866caf97b|1016.39
0xb0b36af9aeeedf97b6b02280f114f13984ea3260|129.9894664
0x6a7b2e0d88867ff15d207c222bebf94fa6ce8397|20000.402518
0xbeb4fd315559436045dcb99d49dcec03f40c42dc|2999.9990000000003
0xba42f9aace4c184504abf5425762aca26f71fbdc|37.4
0x0da7401262384e2e8b4b26dd154799b55145efa0|300.0
0xbb0366a7cfbd3445a70db7fe5ae34885754fd468|599.99895
0xd79483f6a8444f2549d611afe02c432d15e11051|20.0
0x943d37864a4a537d35c8d99723cd6406ce2562e6|116.95642764314366
0x2866b81decb02ee70ae250cee5cdc77b59d7b679|2000.0
0xe77d7deab296c8b4fa07ca3be184163d5a6d606c|92.538
0xf8ca336c8e91bd20e314c20b2dd4608b9c8b9459|711.65780881
0x46779a5656ff00d73eac3ad0c38b6c853094fb40|230.752
0x02e816afc1b5c0f39852131959d946eb3b07b5ad|257.0146149587155
0xc7b39b060451000ca1049ba154bcfa00ff8af262|11.312668086350529
0x7bddb2ee98de19ee4c91f661ee8e67a91d054b97|1000.0
0xb02d062873334545cea29218e4057760590f7423|2000.0
0x0505a08e22a109015a22f685305354662a5531d5|2600.0
0x17589a6c006a54cad70103123aae0a82135fdeb4|175.8512609261
0x801732a481c380e57ed62d6c29de998af3fa3b13|100.0
0x18fccf62d2c3395453b7587b9e26f5cff9eb7482|16.58454098
0xc5cdcee0e85d117dabbf536a3f4069bf443f54e7|1969.606
0xd942de4784f7a48716c0fd4b9d54a6e54c5f2f3e|20000.0
0xdcfff3e8d23c2a34b56bd1b3bd45c79374432239|1300.1914696267131
0xb11fa7fb270abcdf5a2eab95aa30c4b53636efbf|475.985636
0x6ed884459f809dfa1016e770edaf3e9fef46fa30|3400.17
0xc5b009baeaf788a276bd35813ad65b400b849f3b|1000.0
0x6b17598a8ef54f797ae515ccb6517d1859bf8011|350.027264
0xf25e4c70bc465632c89e5625a832a7722f6bffab|4598.3236940922825
0x68419c6dd2d3ce6fcbb3c73e2fa079f06051bde6|1970.0
0x5b736eb18353629bde9676dadd165034ce5ecc68|1970.0
0xcc2b5f448f3528d3fe41cc7d1fa9c0dc76f1b776|11.6774809
0xa3883a24f7f166205f1a6a9949076c26a76e7178|1830.0
0xbcdfacb9d9023c3417182e9100e8ea1d373393a3|59.1
0x6006e36d929bf45d8f16231b126a011ae283d925|10.22004384
0x6e60aee1a78f8eda8b424c73e353354ae67c3042|1250.051844104
0xab5dfc1ea21adc42cf8c3f6e361e243fd0da61e5|300.0
0xfaaeba8fc0bbda553ca72e30ef3d732e26e82041|1338.337
0xe98c91cadd924c92579e11b41217b282956cdaa1|135.8
0x35f5860149e4bbc04b8ac5b272be55ad1aca58e0|200.0
0x63a61dc30a8e3b30a763c4213c801cbf98738178|132.996955
0xf23e5c633221a8f7363e65870c9f287424d2a960|968.99624483278
0xdbcbcd7a57ea9db2349b878af34b1ad642a7f1d1|200.0
0xdf3f57b8ee6434d047223def74b20f63f9e4f955|250.5
0x86e3fe86e93da486b14266eadf056cbfa4d91443|2000.0
0xa9af21acbe482f8131896a228036ba51b19453c3|49.999
0xd206aaddb336d45e7972e93cb075471d15897b5d|600.0
0x83dbf8a12853b40ac61996f8bf1dc8fdbaddd329|970.0
0xd9ec2efe99ff5cf00d03a8317b92a24aef441f7e|2000.0
0x456ae0aca48ebcfae166060250525f63965e760f|24.995443
0x416784af609630b070d49a8bcd12235c6428a408|144.8511748187933
0xd500e4d1c9824ba9f5b635cfa3a8c2c38bbd4ced|400.0
0xff3ded7a40d3aff0d7a8c45fa6136aa0433db457|1999.8
0xdb3f258ab2a3c2cf339c4499f75a4bd1d3472e9e|1500.0
0x5c6136e218de0a61a137b2b3962d2a6112b809d7|294.273
0xc5f687717246da8a200d20e5e9bcac60b67f3861|13.518968
0x76331e30796ce664b2700e0d4153700edc869777|2000.0
0xd49a75bb933fca1fca9aa1303a64b6cb44ea30e1|2171.941033384424
0xb7240af2af90b33c08ae9764103e35dce3638428|8464.547
0xe2efa5fca79538ce6068bf31d2c516d4d53c08e5|131.2
0xb4b185d943ee2b58631e33dff5af6854c17993ac|650.978475
0x1848003c25bfd4aa90e7fcb5d7b16bcd0cffc0d8|80.95009526033546
0x8b20ad3b94656dbdc0dd21a393d8a7d9e02138cb|299.99936511794095
0xff0e2fec304207467e1e3307f64cbf30af8fd9cd|2000.0
0xbc6b58364bf7f1951c309e0cba0595201cd73f9a|1812.4
0x381db4c8465df446a4ce15bf81d47e2f17c980bf|99.94935864097816
0x63c8dfde0b8e01dadc2e748c824cc0369df090b3|1402.9733006302447
0x28868324337e11ba106cb481da962f3a8453808d|2000.0
0x78634371e17304cbf339b1452a4ce438dc764cce|2000.99535
0x704ab1150d5e10f5e3499508f0bf70650f028d4b|4000.0
0x12f460ae646cd2780fd35c50a6af4b9accfa85c6|267.0705295729135
0xf504943aaf16796e0b341bbcdf21d11cc586cdd1|3500.97710598
0xa97beb3a48c45f1528284cb6a95f7de453358ec6|31000.0
0x5a9c8b69fc614d69564999b00dcb42db67f97e90|1370.5058062220053
0x69073269729e6414b26ec8dc0fd935c73b579f1e|30000.0
0xc8dd27f16bf22450f5771b9fe4ed4ffcb30936f4|36.2200473193558
0x3f10800282d1b7ddc78fa92d8230074e1bf6aeae|1348.954275
0x5948bc3650ed519bf891a572679fd992f8780c57|197.0
0xdd4dd6d36033b0636fcc8d0938609f4dd64f4a86|60.0
0xdda371e600d30688d4710e088e02fdf2b9524d5f|400.64437806876504
0xa0459ef3693aacd1647cd5d8929839204cef53be|1000.0
0x4e8e47ae3b1ef50c9d54a38e14208c1abd3603c2|226.4283029185
0x5887dc6a33dfed5ac1edefe35ef91a216231ac96|78.98965370984853
0x21dbdb817a0d8404c6bdd61504374e9c43c9210e|9999.901343091
0xfcada300283f6bcc134a91456760b0d77de410e0|2000.0
0x38ac664ee8e0795e4275cb852bcba6a479ad9c8d|20.0
0x8df339214b6ad1b24663ce716034749d6ef838d9|785.7573677479008
0xddbd2b932c763ba5b1b7ae3b362eac3e8d40121a|40891.62685493
0x8262169b615870134eb4ac6c5f471c6bf2f789fc|462.5
0xbb48eaf516ce2dec3e41feb4c679e4957641164f|49.924037961467235
0x40ea5044b204b23076b1a5803bf1d30c0f88871a|14000.0
0xff12e49d8e06aa20f886293c0b98ed7eff788805|201.84812166171105
0x26f9f7cefd7e394b9d3924412bf2c2831faf1f85|2000.949358640978
0x5126460d692c71c9af6f05574d93998368a23799|52.0
0x3e76a62db187aa74f63817533b306cead0e8cebe|6872.758561908572
0xe727e67ef911b81f6cf9c73fcbfebc2b02b5bfc6|2000.0
0xf3be99b9103ce7550aa74ff1db18e09dfe32e005|2000.0
0x19f643e1a8fa04ae16006028138333a59a96de87|19.99699095
0xb749b54e04d5b19bdcedfb84da7701ab478c27ae|2680.0
0xce5e04f0184369bcfa06aca66ffa91bf59fa0fb9|40.0
0xfb5125bf0f5eb0b6f020e56bfc2fdf3d402c097e|5910.0
0x010df1df4bed23760d2d1c03781586ddf7918e54|10.156260511073409
0x39bac68d947859f59e9226089c96d62e9fbe3cde|40.0
0x3885fee67107dc3a3c741ee290c98918c9b99397|20.0
0x509c8668036d143fb8ae70b11995631f3dfcad87|1000.0
0x25b78c9fad85b43343f0bfcd0fac11c9949ca5eb|2000.0
0x5997ffefb3c1d9d10f1ae2ac8ac3c8e2d2292783|1000.0
0x949f8c107bc7f0aceaa0f17052aadbd2f9732b2e|2000.0
0x5d2819e8d57821922ee445650ccaec7d40544a8d|200.0
0x07e1162ceae3cf21a3f62d105990302e307f4e3b|29.898236
0x5cb953a0e42f5030812226217fffc3ce230457e4|100.0
0xbd17eed82b9a2592019a1b1b3c0fbad45c408d22|250.0
0xfa0c1a988c8a17ad3528eb28b3409daa58225f26|200.0
0xfce089635ce97abac06b44819be5bb0a3e2e0b37|92.491
0x366175403481e0ab15bb514615cbb989ebc68f82|400.9971526910457
0x53989ed330563fd57dfec9bd343c3760b0799390|6208.0
0xe761d27fa3502cc76bb1a608740e1403cf9dfc69|280.0
0xd513a45080ff2febe62cd5854abe29ee4467f996|153.2
0x1b799033ef6dc7127822f74542bb22dbfc09a308|100.0
0x6b2284440221ce16a8382de5ff0229472269deec|1000.0
0xe780a56306ba1e6bb331952c22539b858af9f77d|50000.000015637
0x433e3ba1c51b810fc467d5ba4dea42f7a9885e69|40.56500405149133
0x53ce88e66c5af2f29bbd8f592a56a3d15f206c32|140.84
0xc033be10cb48613bd5ebcb33ed4902f38b583003|3000.0
0x4039bd50a2bde15ffe37191f410390962a2b8886|200.0
0x5a565285374a49eedd504c957d510874d00455bc|100.0
0x5abfec25f74cd88437631a7731906932776356f9|10.288146033060158
0x69b80ed90f84834afa3ff82eb964703b560977d6|26.74
0xacc0909fda2ea6b7b7a88db7a0aac868091ddbf6|22.155
0x51f9c432a4e59ac86282d6adab4c2eb8919160eb|832.29637202
0xa429fa88731fdd350e8ecd6ea54296b6484fe695|1969.606
0x6aeb9f74742ea491813dbbf0d6fcde1a131d4db3|128.12596559
0x540c072802014ef0d561345aec481e8e11cb3570|2800.9485353
0xb8947822d5ace7a6ad8326e95496221e0be6b73d|18.999244
0xeac17b81ed5191fb0802aa54337313834107aaa4|8000.0
0xd1a71b2d0858e83270085d95a3b1549650035e23|23.892847559
0x9edc90f4be210865214ab5b35e5a8dd77415279d|4000.0
0xa5e0fc3c3affed3db6710947d1d6fb017f3e276d|690.4324321953959
0xa3932a31d6ff75fb3b1271ace7caa7d5e1ff1051|20000.000012456
0xae57cc129a96a89981dac60d2ffb877d5dc5e432|300.9288390846932
0xcc9ac715cd6f2610c52b58676456884297018b29|12.369559
0x0f2fb884c8aaff6f543ac6228bd08e4f60b0a5fd|757.990043
0xa5e9cd4b74255d22b7d9b27ae8dd43ed6ed0252b|766.527
0xccf43975b76bfe735fec3cb7d4dd24f805ba0962|60.0
0xd6110276cfe31e42825a577f6b435dbcc10cf764|1000.0
0xad728121873f0456d0518b80ab6580a203706595|500.0
0x7e47637e97c14622882be057bea229386f4052e5|22.839133288216615
0xd03fc165576aaed525e5502c8e140f8b2e869639|528.7955127925213
0x6d6634b5b8a40195d949027af4828802092ceeb6|3000.005
0xc25266c7676632f13ef29be455ed948add567792|1337.0
0xd7ebddb9f93987779b680155375438db65afcb6a|100.6
0x2cd79eb52027b12c18828e3eaab2969bfcd287e9|20.0
0x4d9c77d0750c5e6fbc247f2fd79274686cb353d6|20.0
0xb52dfb45de5d74e3df208332bc571c809b8dcf32|5999.991366766
0xe08c60313106e3f9334fe6f7e7624d211130c077|40.0
0x41e4a20275e39bdcefeb655c0322744b765140c2|19.974679320489077
0xbb993b96ee925ada7d99d786573d3f89180ce3aa|566.2860303271
0xdadbfafd8b62b92a24efd75256dd83abdbd7bbdb|19.7
0xe1b2aca154b8e0766c4eba30bc10c7f35036f368|19.98
0x33481e856ebed48ea708a27426ef28e867f57cd1|200.0
0x65053191319e067a25e6361d47f37f6318f83419|394.0
0xa2ace4c993bb1e5383f8ac74e179066e814f0591|100.0
0x87a7c508ef71582dd9a54372f89cb01f252fb180|135.494456
0x23378f42926d0184b793b0c827a6dd3e3d334fcd|56.0
0xae10e27a014f0d306baf266d4897c89aeee2e974|827.0165349205105
0xe0388aeddd3fe2ad56f85748e80e710a34b7c92e|500.0
0xcea43f7075816b60bbfce68b993af0881270f6c4|54.49832
0xe9133e7d31845d5f2b66a2618792e869311acf66|3048.963220159125
0xa69d7cd17d4842fe03f62a90b2fbf8f6af7bb380|100.0
0xffad3dd74e2c1f796ac640de56dc99b4c792a402|598.9577898937187
0x49a645e0667dfd7b32d075cc2467dd8c680907c4|129.56
0x232ce782506225fd9860a2edc14a7a3047736da2|20.0
0x70a4067d448cc25dc8e70e651cea7cf84e92109e|176.0
0x6dedf62e743f4d2c2a4b87a787f5424a7aeb393c|180.0
0x9b1811c3051f46e664ae4bc9c824d18592c4574a|199.955
0xa2222259dd9c3e3ded127084f808e92a1887302c|100.296478035
0x5cd0e475b54421bdfc0c12ea8e082bd7a5af0a6a|29.38339293298286
0x36339f84a5c2b44ce53dfdb6d4f97df78212a7df|321.6
0x0d1f2a57713ebc6e94de29846e8844d376665763|5000.0
0xfcc9d4a4262e7a027ab7519110d802c495ceea39|75.739863973
0x0a5b79d8f23b6483dbe2bdaa62b1064cc76366ae|990.9214548468854
0x04241b41ecbd0bfdf1295e9d4fa59ea09e6c6186|12.804471789428543
0x945d96ea573e8df7262bbfa572229b4b16016b0f|90.081856
0x7bbbec5e70bdead8bb32b42805988e9648c0aa97|19.00128997663786
0x38df0c4abe7ded5fe068eadf154ac691774324a4|400.93269807596937
0x825135b1a7fc1605614c8aa4d0ac6dbad08f480e|1430.0
0x03ef6ad20ff7bd4f002bac58d47544cf879ae728|44.994834
0x78e08bc533413c26e291b3143ffa7cc9afb97b78|200.0
0x253f1e742a2cec86b0d7b306e5eacb6ccb2f8554|20040.00026863052
0xea60549ec7553f511d2149f2d4666cbd9243d93c|2000.0
0xcea2896623f4910287a2bdc5be83aea3f2e6de08|10.9958
0x38e8a31af2d265e31a9fff2d8f46286d1245a467|20.0
0x8bf297f8f453523ed66a1acb7676856337b93bf0|4000.0
0x425c338a1325e3a1578efa299e57d986eb474f81|2000.0
0x1b23cb8663554871fbbe0d9e60397efb6faedc3e|99.99895
0x86570ab259c9b1c32c9729202f77f590c07dd612|200.0
0x03dedfcd0b3c2e17c705da248790ef98a6bd5751|11.753432819768841
0x2c6afcd4037c1ed14fa74ff6758e0945a185a8e8|17.6
0xe75c1fb177089f3e58b1067935a6596ef1737fb5|99.91
0x2d0326b23f0409c0c0e9236863a133075a94ba18|210.38
0xe8e9850586e94f5299ab494bb821a5f40c00bd04|3814.999139
0xbc1609d685b76b48ec909aa099219022f89b2ccd|100.00811309998967
0x34958a46d30e30b273ecc6e5d358a212e5307e8c|2000.0
0x8dd6a9bae57f518549ada677466fea8ab04fd9b4|4000.0
0x7286e89cd9de8f7a8a00c86ffdb53992dd9251d1|1940.0
0x8c6f9f4e5b7ae276bf58497bd7bf2a7d25245f64|878.982054324
0x99dfd0504c06c743e46534fd7b55f1f9c7ec3329|54.380666313329506
0x0b369e002e1b4c7913fcf00f2d5e19c58165478f|64.52
0xb124bcb6ffa430fcae2e86b45f27e3f21e81ee08|49.94879164097816
0xae36f7452121913e800e0fcd1a65a5471c23846f|164.0
0x9aaafa0067647ed999066b7a4ca5b4b3f3feaa6f|1000.0
0xa1f5b840140d5a9acef402ac3cc3886a68cad248|2000.0
0x782f52f0a676c77716d574c81ec4684f9a020a97|850.055
0x3d813ff2b6ed57b937dabf2b381d148a411fa085|100.0
0x5a5ee8e9bb0e8ab2fecb4b33d29478be50bbd44b|776.0
0x9e3eb509278fe0dcd8e0bbe78a194e06b6803943|940.0
0x35aaa0465d1c260c420fa30e2629869fb6559207|100.01145487789492
0xb041310fe9eed6864cedd4bee58df88eb4ed3cac|2697.71050303031
0xe6cb3f3124c9c9cc3834b1274bc3336456a38bac|427.382
0x3702e704cc21617439ad4ea27a5714f2fda1e932|1000.0
0x0469e8c440450b0e512626fe817e6754a8152830|2000.0
0xda7ad025ebde25d22243cb830ea1d3f64a566323|500.0
0xd6e8e97ae9839b9ee507eedb28edfb7477031439|2000.0
0x75804aac64b4199083982902994d9c5ed8828f11|273.243494198
0x22e512149a18d369b73c71efa43e86c9edabaf1d|1455.0
0xc2cb1ada5da9a0423873814793f16144ef36b2f3|14.722346
0x3e194b4ecef8bb711ea2ff24fec4e87bd032f7d1|2575.465
0x8ef4d8a2c23c5279187b64e96f741404085385f3|299.598
0x3485361ee6bf06ef6508ccd23d94641f814d3e2f|2000.0
0xaeadfcd0978edad74a32bd01a0a51d37f246e661|260.0
0x59b9e733cba4be00429b4bd9dfa64732053a7d55|20.0
0xabfcf5f25091ce57875fc674dcf104e2a73dd2f2|19.7
0x2b6ed29a95753c3ad948348e3e7b1a251080ffb9|250000.0239160684
0xeaa45cea02d87d2cc8fda9434e2d985bd4031584|900.74767818
0xaec27ce2133e82d052520afb5c576d9f7eb93ed2|14000.076720356974
0x72072a0ef1cff3d567cdd260e708ddc11cbc9a31|100.0
0x8026435aac728d497b19b3e7e57c28c563954f2b|29.93895
0xad927e03d1599a78ca2bf0cad2a183dceb71eac0|1970.0
0x2f5080b83f7e2dc0a1dd11b092ad042bff788f4c|2481.854719469491
0x63fc93001305adfbc9b85d29d9291a05f8f1410b|1000.0
0x51296f5044270d17707646129c86aad1645eadc1|1337.12694995
0x992646ac1acaabf5ddaba8f9429aa6a94e7496a7|1000.11
0x382591e7217b435e8e884cdbf415fe377a6fe29e|8022.0
0xb44605552471a6eee4daab71ff3bb41326d473e0|618.194597
0x0c8f66c6017bce5b20347204b602b743bad78d60|2000.0
0x998c1f93bcdb6ff23c10d0dc924728b73be2ff9f|608.1347239036254
0xd56a144d7af0ae8df649abae535a15983aa04d02|500.002278529508
0x7b98e23cb96beee80a168069ebba8f20edd55ccf|70.19569744391411
0xa986762f7a4f294f2e0b173279ad2c81a2223458|20.0
0x98a0e54c6d9dc8be96276cebf4fec460f6235d85|1969.803
0xbd59094e074f8d79142ab1489f148e32151f2089|20.0
0xac6d02e9a46b379fac4ac9b1d7b5d47bc850ce16|1760.0
0xbd6a474d66345bcdd707594adb63b30c7822af54|28.993952
0x6ec3659571b11f889dd439bcd4d67510a25be57e|82.37010094020204
0x79dba256472db4e058f2e4cdc3ea4e8a42773833|1460.0
0x83a402438e0519773d5448326bfb61f8b20cf52d|124.78667
0x91d66ea6288faa4b3d606c2aa45c7b6b8a252739|2000.0
0xd82fd9fdf6996bedad2843159c06f37e0924337d|1688.8
0x895d694e880b13ccd0848a86c5ce411f88476bbf|197.7540718
0x21a6db6527467bc6dad54bc16e9fe2953b6794ed|14000.0
0x83e48055327c28b5936fd9f4447e73bdb2dd3376|260.9321618641609
0x4968a2cedb457555a139295aea28776e54003c87|6002.266651752
0x4f52ad6170d25b2a2e850eadbb52413ff2303e7f|15.956116009289547
0xa8cafac32280d021020bf6f2a9782883d7aabe12|100.0
0xca8276c477b4a07b80107b843594189607b53bec|51.2859717467231
0x3bddbc8134f77d55597fc97c26d26698090604eb|13.7
0x143d536b8b1cb84f56a39e0bc81fd5442bcacce1|100.0
0xdbd51cdf2c3bfacdff106221de2e19ad6d420414|11.574911868706963
0x334340ee4b9cdc81f850a75116d50ee9b69825bf|2000.0
0x3630c5e565ceaa8a0f0ffe32875eae2a6ce63c19|170.016
0x171ad9a04bedc8b861e8ed4bddf5717813b1bb48|400.0
0x566c28e34c3808d9766fe8421ebf4f2b1c4f7d77|298.979142525
0x1bd28cd5c78aee51357c95c1ef9235e7c18bc854|2000.0
0xb7479dab5022c4d5dbaaf8de171b4e951dd1a457|80.0
0xc5e9939334f1252ed2ba26814487dfd2982b3128|32.999265
0xbcd99edc2160f210a05e3a1fa0b0434ced00439b|963.973342222
0xb57b04fa23d1203fae061eac4542cb60f3a57637|191.0
0x2c1c19114e3d6de27851484b8d2715e50f8a1065|100.0
0xd7d3c75920590438b82c3e9515be2eb6ed7a8b1a|100.997795
0x4e2225a1bb59bc88a2316674d333b9b0afca6655|155.0
0xaa14422d6f0ae5a758194ed15780c838d67f1ee1|1000.811274
0xb3a64b1176724f5409e1414a3523661baee74b4a|25.61
0x411610b178d5617dfab934d293f512a93e5c10e1|170.0
0x207ef80b5d60b6fbffc51f3a64b8c72036a5abbd|6685.0
0xa21442ab05340ade68c915f3c3399b9955f3f7eb|411.0374832687137
0xc282e6993fbe7a912ea047153ffd9274270e285b|139.939
0x9470cc36594586821821c5c996b6edc83b6d5a32|24.0
0xc1f39bd35dd9cec337b96f47c677818160df37b7|20.0
0x1e1c6351776ac31091397ecf16002d979a1b2d51|300.04721194297747
0xbd47f5f76e3b930fd9485209efa0d4763da07568|49.997786134203054
0x8a4f4a7f52a355ba105fca2072d3065fc8f7944b|500.0
0x716ba01ead2a91270635f95f25bfaf2dd610ca23|9660.990755642748
0xd9f1b26408f0ec67ad1d0d6fe22e8515e1740624|24.0
0x4c13980c32dcf3920b78a4a7903312907c1b123f|60.024
0x4bea288eea42c4955eb9faad2a9faf4783cbddac|13371.06786949
0xfa8e3b1f13433900737daaf1f6299c4887f85b5f|880.40481409
0x590acbda37290c0d3ec84fc2000d7697f9a4b15d|499.988257
0xbc9c95dfab97a574cea2aa803b5caa197cef0cff|420.0
0x1c6702b3b05a5114bdbcaeca25531aeeb34835f4|1066.9681883567973
0xde33d708a3b89e909eaf653b30fdc3a5d5ccb4b3|100.298173
0xcc6c03bd603e09de54e9c4d5ac6d41cbce715724|98.5
0x91c75e3cb4aa89f34619a164e2a47898f5674d9c|376.25443008321577
0xd34d708d7398024533a5a2b2309b19d3c55171bb|103.144229
0x12afbcba1427a6a39e7ba4849f7ab1c4358ac31b|20000.0
0x555ca9f05cc134ab54ae9bea1c3ff87aa85198ca|100.0
0x2f2bba1b1796821a766fce64b84f28ec68f15aea|20.0
0x4d6e8fe109ccd2158e4db114132fe75fecc8be5b|25.019
0xdba4796d0ceb4d3a836b84c96f910afc103f5ba0|166.666
0xa3facc50195c0b4933c85897fecc5bbd995c34b8|20.0
0xcad14f9ebba76680eb836b079c7f7baaf481ed6d|238.6
0x7c1df24a4f7fb2c7b472e0bb006cb27dcd164156|196.30650907155555
0x671bbca099ff899bab07ea1cf86965c3054c8960|22.958007
0x6966063aa5de1db5c671f3dd699d5abe213ee902|8000.0
0x2fee36a49ee50ecf716f1047915646779f8ba03f|35.22395354659214
0x0e3a28c1dfafb0505bdce19fe025f506a6d01ceb|2000.0
0x7640a37f8052981515bce078da93afa4789b5734|2000.0
0x550c306f81ef5d9580c06cb1ab201b95c748a691|665.8
0x84008a72f8036f3feba542e35078c057f32a8825|100.0
0x2fe0023f5722650f3a8ac01009125e74e3f82e9b|3000.0
0xcc943be1222cd1400a2399dd1b459445cf6d54a9|10.76513924365856
0x86a5f8259ed5b09e188ce346ee92d34aa5dd93fa|200.0
0xf5a5459fcdd5e5b273830df88eea4cb77ddadfb9|74.5
0xb216dc59e27c3d7279f5cd5bb2becfb2606e14d9|248.79996404478464
0x41a9a404fc9f5bfee48ec265b12523338e29a8bf|116.9783644992263
0x02089361a3fe7451fb1f87f01a2d866653dc0b07|39.976
0x0dbd417c372b8b0d01bcd944706bd32e60ae28d1|340.0
0xbe2346a27ff9b702044f500deff2e7ffe6824541|18.838358640978154
0xac6f68e837cf1961cb14ab47446da168a16dde89|1337.0
0x76f83ac3da30f7092628c7339f208bfc142cb1ee|65.67365601356725
0x185546e8768d506873818ac9751c1f12116a3bef|200.0
0x9c7b6dc5190fe2912963fcd579683ec7395116b0|50.830157822
0x637f5869d6e4695f0eb9e27311c4878aff333380|1969.212
0xc4088c025f3e85013f5439fb3440a17301e544fe|2325.0
0xb234035f7544463ce1e22bc553064684c513cd51|249.75
0x84cb7da0502df45cf561817bbd2362f451be02da|1199.99550825
0xd008513b27604a89ba1763b6f84ce688b346945b|199.99496
0x0b7bb342f01bc9888e6a9af4a887cbf4c2dd2caf|16000.0
0x9ab98d6dbb1eaae16d45a04568541ad3d8fe06cc|272.451
0x80977316944e5942e79b0e3abad38da746086519|38.8
0x2e6933543d4f2cc00b5350bd8068ba9243d6beb0|2000.0
0x467e0ed54f3b76ae0636176e07420815a021736e|42.87756240532225
0x98f4af3af0aede5fafdc42a081ecc1f89e3ccf20|9400.0
0xd0a7209b80cf60db62f57d0a5d7d521a69606655|160.0
0xb4dd5499daeb2507fb2de12297731d4c72b16bb0|20.0
0xfa8cf4e627698c5d5788abb7880417e750231399|672.5459275527357
0x84db1459bb00812ea67ecb3dc189b72187d9c501|148.851
0xcfd2728dfb8bdbf3bf73598a6e13eaf43052ea2b|170.0
0x86f4f40ad984fbb80933ae626e0e42f9333fdd41|1000.0
0x45a570dcc2090c86a6b3ea29a60863dde41f13b5|35.485695
0x7ac58f6ffc4f8107ae6e30378e4e9f99c57fbb24|40.0
0x6fcc2c732bdd934af6ccd16846fb26ef89b2aa9b|302.22636457863354
0xd2edd1ddd6d86dc005baeb541d22b640d5c7cae5|20.0
0x4c9a862ad115d6c8274ed0b944bdd6a5500510a7|100.0
0xd6eea898d4ae2b718027a19ce9a5eb7300abe3ca|27.475
0x024a098ae702bef5406c9c22b78bd4eb2cc7a293|4000.0
0xf2d5763ce073127e2cedde6faba786c73ca94141|2898.996827350679
0x7e71171f2949fa0c3ac254254b1f0440e5e6a038|40.0
0x261575e9cf59c8226fa7aaf91de86fb70f5ac3ae|19.998707
0xcd0b0257e783a3d2c2e3ba9d6e79b75ef98024d4|14.355872183650485
0x3b6e814f770748a7c3997806347605480a3fd509|2000.0
0x71213fca313404204ecba87197741aa9dfe96338|60.0
0x730447f97ce9b25f22ba1afb36df27f9586beb9b|133.08474051294485
0x61b902c5a673885826820d1fe14549e4865fbdc2|334.703
0x6bd457ade051795df3f2465c3839aed3c5dee978|99.608705
0x2339e9492870afea2537f389ac2f838302a33c06|2000.0
0xe237baa4dbc9926e32a3d85d1264402d54db012f|1560.9952589139693
0x7a33834e8583733e2d52aead589bd1affb1dd256|1000.0
0x7169724ee72271c534cad6420fb04ee644cb86fe|410.164
0x46504e6a215ac83bccf956befc82ab5a679371c8|219.9981523382413
0x7f1619988f3715e94ff1d253262dc5581db3de1c|900.0
0xccae0d3d852a7da3860f0636154c0a6ca31628d4|106.56
0x57d3df804f2beee6ef53ab94cb3ee9cf524a18d3|393.606
0x7b11673cc019626b290cbdce26046f7e6d141e21|185.00021784545774
0xc02471e3fc2ea0532615a7571d493289c13c36ef|20.0
0x2eba0c6ee5a1145c1c573984963a605d880a7a20|500.0
0x19ecf2abf40c9e857b252fe1dbfd3d4c5d8f816e|2000.0
0x6bd3e59f239fafe4776bb9bddd6bee83ba5d9d9f|109.9980129036199
0x3a4da78dce05aeb87de9aead9185726da1926798|200.0
0x7539333046deb1ef3c4daf50619993f444e1de68|1182.0
0x298887bab57c5ba4f0615229d7525fa113b7ea89|20.988100813636397
0x97d9e46a7604d7b5a4ea4ee61a42b3d2350fc3ed|2000.0
0x9932ef1c85b75a9b2a80057d508734c51085becc|50.17
0x7f4b5e278578c046cceaf65730a0e068329ed5b6|1000.9240379614672
0x01b5b5bc5a117fa08b34ed1db9440608597ac548|200.0
0x5e90c85877198756b0366c0e17b28e52b446505a|106.601619898846
0x96aa573fed2f233410dbae5180145b23c31a02f0|1730.0
0xea2c197d26e98b0da83e1b72c787618c979d3db0|20.17231949
0x554336ee4ea155f9f24f87bca9ca72e253e12cd2|147.52239246
0x53c0bb7fc88ea422d2ef7e540e2d8f28b1bb8183|20.0
0x2bade91d154517620fd4b439ac97157a4102a9f7|4000.0
0x90c41eba008e20cbe927f346603fc88698125969|42.0
0x0e6dfd553b2e873d2aec15bd5fbb3f8472d8d394|12000.0
0x43d5a71ce8b8f8ae02b2eaf8eaf2ca2840b93fb6|64.7195990357206
0xf3c4716d1ee5279a86d0163a14618181e16136c7|128.9226262597466
0x08da3a7a0f452161cfbcec311bb68ebfdee17e88|2000.0
0x0b7fc9ddf70576f6330669eaaa71b6a831e99528|178.42084513237216
0xf1624d980b65336feac5a6d54125005cfcf2aacb|2000.0
0x2d0dec51a6e87330a6a8fa2a0f65d88d4abcdf73|52.45666573015236
0xb8bc9bca7f71b4ed12e620438d620f53c114342f|500.0
0xdc5305b4020a06b49d657c7ca34c35c91c5f2c56|7045.99
0xf96488698590dc3b2c555642b871348dfa067ad5|500.0
0xfc39be41094b1997d2169e8264c2c3baa6c99bc4|200.59992700048667
0xdaa776a6754469d7b9267a89b86725e740da0fa0|130.95159201717505
0x4429a29fee198450672c0c1d073162250bec6474|999.2
0x98397342ec5f3d4cb877e54ef5d6f1d366731bd4|213.98382574197817
0x64cf0935bf19d2cebbecd8780d27d2e2b2c34166|27.734317588
0x7f5ae05ae0f8cbe5dfe721f044d7a7bef4c27997|60.0
0x976a18536af41874426308871bcd1512a775c9f8|30.564650376625096
0x0b71f554122469ef978e2f1fefd7cbb410982772|1879.999139
0xd7d7f2caa462a41b3b30a34aeb3ba61010e2626f|2000.0
0x000d836201318ec6899a67540690382780743280|200.0
0x8b57b2bc83cc8d4de331204e893f2f3b1db1079a|40.0
0xcd7f09d7ed66d0c38bc5ad4e32b7f2b08dc1b30d|577.798677
0xb14ddb0386fb606398b8cc47565afae00ff1d66a|2973.024
0xef76a4cd8febcbc9b818f17828f8d93473f3f3cb|99.99427015
0xf56048dd2181d4a36f64fcecc6215481e42abc15|98.993028
0x577aeee8d4bc08fc97ab156ed57fb970925366be|154.02274621
0xe5968797468ef767101b761d431fce14abffdbb4|8040.0
0x98e2b6d606fd2d6991c9d6d4077fdf3fdd4585da|901.52
0x5ed56115bd6505a88273df5c56839470d24a2db7|10.0001179831139
0x50584d9206a46ce15c301117ee28f15c30e60e75|13.4
0x19732bf973055dbd91a4533adaa2149a91d38380|1749.99746818
0x99fe0d201228a753145655d428eb9fd94985d36d|1939.268
0xc4c15318d370c73318cc18bdd466dbaa4c6603bf|20.02977739101955
0x5f93ff832774db5114c55bb4bf44ccf3b58f903f|616.9196265603944
0x5691dd2f6745f20e22d2e1d1b955aa2903d65656|1969.606
0x3cb179cb4801a99b95c3b0c324a2bdc101a65360|26.0
0x27830c5f6023afaaf79745676c204a0faccda0ba|240.0
0xa567770b6ae320bdde50f904d663e746a61dace6|1000.0092440123233
0x36df8f883c1273ec8a171f7a33cfd649b1fe6075|17.04817716456
0xc0e457bd56ec36a1246bfa3230fff38e5926ef22|1940.0
0x4eead40aad8c73ef08fc84bc0a92c9092f6a36bf|26.74
0xeed384ef2d41d9d203974e57c12328ea760e08ea|289.9737973204891
0x496e319592b341eaccd778dda7c8196d54cac775|9250.0
0x4ad95d188d6464709add2555fb4d97fe1ebf311f|32.934944
0x2273bad7bc4e487622d175ef7a66988b6a93c4ee|20.0
0x63c2a3d235e5eeabd0d4a6afdb89d94627396495|1011.61478255
0x666746fb93d1935c5a3c684e725010c4fad0b1d8|20.0
0x9a4ca8b82117894e43db72b9fa78f0b9b93ace09|50.0
0x637be71b3aa815ff453d5642f73074450b64c82a|2000.0
0x68c7d1711b011a33f16f1f55b5c902cce970bdd7|152.0
0x3ae160e3cd60ae31b9d6742d68e14e76bd96c517|30.0
0xb71a13ba8e95167b80331b52d69e37054fe7a826|200.0
0x1f88f8a1338fc7c10976abcd3fb8d38554b5ec9c|13.4
0xa1b47c4d0ed6018842e6cfc8630ac3a3142e5e6b|20.0
0xe308435204793764f5fcbe65eb510f5a744a655a|177.9931406617
0x5f375b86600c40cca8b2676b7a1a1d1644c5f52c|78.838
0x6d63d38ee8b90e0e6ed8f192eda051b2d6a58bfd|33.3406669333718
0x047d5a26d7ad8f8e70600f70a398ddaa1c2db26f|22.8674888
0x9ba53dc8c95e9a472feba2c4e32c1dc4dd7bab46|1337.0
0x1b7ed974b6e234ce81247498429a5bd4a0a2d139|2000.0
0x8e073bad25e42218615f4a0e6b2ea8f8de2230c0|2402.5
0xf37b426547a1642d8033324814f0ede3114fc212|401.1
0x9795f64319fc17dd0f8261f9d206fb66b64cd0c9|200.0
0x8392e53776713578015bff4940cf43849d7dcba1|45.29628386162036
0x278c0bde630ec393b1e7267fc9d7d97019e4145b|2000.0
0x900194c4b1074305d19de405b0ac78280ecaf967|799.9700292717778
0x612667f172135b950b2cd1de10afdece6857b873|1000.0
0xcb42b44eb5fd60b5837e4f9eb47267523d1a229c|233.65157640263084
0x32bb2e9693e4e085344d2f0dbd46a283e3a087fd|83.014419089
0xe13b3d2bbfdcbc8772a23315724c1425167c5688|290.03610064
0x756b84eb85fcc1f4fcdcc2b08db6a86e135fbc25|500.990987127
0x29cc804d922be91f5909f348b0aaa5d21b607830|4000.0
0xac9fff68c61b011efbecf038ed72db97bb9e7281|4167.876921147
0x1d96bcd58457bbf1d3c2a46ffaf16dbf7d836859|77.03254424493832
0x30acd858875fa24eef0d572fc7d62aad0ebddc35|39.37453913557126
0x7be8ccb4f11b66ca6e1d57c0b5396221a31ba53a|20.0
0xdb34745ede8576b499db01beb7c1ecda85cf4abe|80.0
0xd843ee0863ce933e22f89c802d31287b9671e81c|13.37
0xd5550caaf743b037c56fd2558a1c8ed235130750|5347.618
0xa35c19132cac1935576abfed6c0495fb07881ba0|101.99762972243116
0xade6f8163bf7c7bb4abe8e9893bd0cc112fe8872|105.597984
0x6ec96d13bdb24dc7a557293f029e02dd74b97a55|4000.0
0xacbc2d19e06c3babbb5b6f052b6bf7fc37e07229|200.0
0xd71fb130f0150c565269e00efb43902b52a455a6|200.0
0xab7e0b83ed9a424c6d1e6a6f87a4dbf06409c7d6|2400.0
0xf7f91e7acb5b8129a306877ce3168e6f438b66a1|176.0
0x72b90a4dc097239492c5b9777dcd1e52ba2be2c2|405.839242255
0x0dd4e674bbadb1b0dc824498713dce3b5156da29|170.0
0xe8a91da6cf1b9d65c74a02ec1f96eecb6dd241f3|350.9704463436098
0x2f66bfbf2262efcc8d2bd0444fc5b0696298ff1e|34.99395293233358
0x29bdc4f28de0180f433c2694eb74f5504ce94337|31.022873420726494
0xf8f226142a428434ab17a1864a2597f64aab2f06|172.473
0xbd9e56e902f4be1fc8768d8038bac63e2acbbf8e|104.9696748
0x9da3302240af0511c6fd1857e6ddb7394f77ab6b|8828.941461197
0x698ab9a2f33381e07c0c47433d0d21d6f336b127|20.0
0xfead1803e5e737a68e18472d9ac715f0994cc2be|500.0
0x63e88e2e539ffb450386b4e46789b223f5476c45|2958.994372
0x78f5c74785c5668a838072048bf8b453594ddaab|400.0
0x8234f463d18485501f8f85ace4972c9b632dbccc|2000.0
0x1ba9f7997e5387b6b2aa0135ac2452fe36b4c20d|850.0
0x140ca28ff33b9f66d7f1fc0078f8c1eef69a1bc0|30.694005108950318
0x1fddd85fc98be9c4045961f40f93805ecc4549e5|14.636726007777778
0x75c11d024d12ae486c1095b7a7b9c4af3e8edeb9|20.0
0x78859c5b548b700d9284cee4b6633c2f52e529c2|138.877144921
0xd8d64384249b776794063b569878d5e3b530a4b2|177.569
0xa7775e4af6a23afa201fb78b915e51a515b7a728|120.0
0xea60436912de6bf187d3a472ff8f5333a0f7ed06|19.7
0xc9d76446d5aadff80b68b91b08cd9bc8f5551ac1|714.0
0xbaa4b64c2b15b79f5f204246fd70bcbd86e4a92a|130.01213896817606
0xdeb1bc34d86d4a4dde2580d8beaf074eb0e1a244|42.89161643022908
0xc325c352801ba883b3226c5feb0df9eae2d6e653|2000.889227
0x6ddb6092779d5842ead378e21e8120fd4c6bc132|25.93463844
0xc04069dfb18b096c7867f8bee77a6dc7477ad062|2674.0
0xa166f911c644ac3213d29e0e1ae010f794d5ad26|2000.0
0x2d90b415a38e2e19cdd02ff3ad81a97af7cbf672|19.817243271651943
0x8d620bde17228f6cbba74df6be87264d985cc179|10.745002465530549
0x52f15423323c24f19ae2ab673717229d3f747d9b|259.0566466107477
0x94c055e858357aaa30cf2041fa9059ce164a1f91|19999.0
0xafa1d5ad38fed44759c05b8993c1aa0dace19f40|80.0
0x392433d2ce83d3fb4a7602cca3faca4ec140a4b0|51.0
0xf3eb1948b951e22df1617829bf3b8d8680ec6b68|4000.0
0xbe4e7d983f2e2a636b1102ec7039efebc842e98d|66.0
0x2b101e822cd962962a06800a2c08d3b15d82b735|152.0
0x4acfa9d94eda6625c9dfa5f9f4f5d107c4031fdf|39.4
0x7e8649e690fc8c1bfda1b5e186581f649b50fe33|98.5
0x55d42eb495bf46a634997b5f2ea362814918e2b0|106.128
0x4ed14d81b60b23fb25054d8925dfa573dcae6168|340.0
0x16019a4dafab43f4d9bf4163fae0847d848afca2|25.06
0xdaa63cbda45dd487a3f1cd4a746a01bb5e060b90|1989.514371942
0x6d20ef9704670a500bb269b5832e859802049f01|50.61836135000998
0x61adf5929a5e2981684ea243baa01f7d1f5e148a|110.302
0xd6f4a7d04e8faf20e8c6eb859cf7f78dd23d7a15|131.784
0x86cdb7e51ac44772be3690f61d0e59766e8bfc18|4000.0
0x46a430a2d4a894a0d8aa3feac615361415c3f81f|2000.0
0x48f883e567b436a27bb5a3124dbc84dec775a800|771.84
0xc1827686c0169485ec15b3a7c8c01517a2874de1|40.0
0x049c5d4bc6f25d4e456c697b52a07811ccd19fb1|74.981508224
0x63666755bd41b5986997783c13043008242b3cb5|114.792072283
0xb6e8afd93dfa9af27f39b4df06076710bee3dfab|25.0
0x72cd048a110574482983492dfb1bd27942a696ba|2000.0
0x7a48d877b63a8f8f9383e9d01e53e80c528e955f|8000.0
0x368c5414b56b8455171fbf076220c1cba4b5ca31|644.94869024
0xfbf75933e01b75b154ef0669076be87f62dffae1|324.09262873061164
0xd53c567f0c3ff2e08b7d59e2b5c73485437fc58d|350.339849248
0xd81bd54ba2c44a6f6beb1561d68b80b5444e6dc6|193.4866641
0x9a990b8aeb588d7ee7ec2ed8c2e64f7382a9fee2|33.518
0x113612bc3ba0ee4898b49dd20233905f2f458f62|14000.0
0x535201a0a1d73422801f55ded4dfaee4fbaa6e3b|100.94148728641287
0x45ca9862003b4e40a3171fb5cafa9028cac8de19|4496.872392980147
0xd07e511864b1cf9969e3560602829e32fc4e71f5|50.0
0xb43657a50eecbc3077e005d8f8d94f377876bad4|35.46
0x738ca94db7ce8be1c3056cd6988eb376359f3353|25500.0
0x0e2094ac1654a46ba1c4d3a40bb8c17da7f39688|358.0
0x94449c01b32a7fa55af8104f42cdd844aa8cbc40|8547.999118
0x604cdf18628dbfa8329194d478dd5201eecc4be7|23.0
0x5c3d19441d196cb443662020fcad7fbb79b29e78|14.3
0x8af626a5f327d7506589eeb7010ff9c9446020d2|334.20543666389074
0xd5ea472cb9466018110af00c37495b5c2c713112|4997.8
0x5aed0e6cfe95f9d680c76472a81a2b680a7f93e2|197.0
0xd2a80327cbe55c4c7bd51ff9dde4ca648f9eb3f8|50.0
0x500c16352e901d48ba8d04e2c767121772790b02|33.69944512977807
0x2afb058c3d31032b353bf24f09ae20d54de57dbe|129.44510177
0xc760971bbc181c6a7cf77441f24247d19ce9b4cf|2000.0
0x8f717ec1552f4c440084fba1154a81dc003ebdc0|4020.17347038
0x3eaf316b87615d88f7adc77c58e712ed4d77966b|100.141
0xd48e3f9357e303513841b3f84bda83fc89727587|1000.0
0x514632efbd642c04de6ca342315d40dd90a2dba6|914.8882369877783
0xde42fcd24ce4239383304367595f068f0c610740|45.12
0x9c581a60b61028d934167929b22d70b313c34fd0|15.776851736777777
0x41c3c2367534d13ba2b33f185cdbe6ac43c2fa31|4000.0
0x4361d4846fafb377b6c0ee49a596a78ddf3516a3|2488.9903434553
0xbc9e0ec6788f7df4c7fc210aacd220c27e45c910|500.0
0x35a6885083c899dabbf530ed6c12f4dd3a204cf5|163.999748
0x9c9f3b8a811b21f3ff3fe20fe970051ce66a824f|111.726056
0xb6aacb8cb30bab2ae4a2424626e6e12b02d04605|261.55665952984066
0x40e2440ae142c880366a12c6d4102f4b8434b62a|22.854060779822518
0xdf60f18c812a11ed4e2776e7a80ecf5e5305b3d6|900.0
0x1cb5f33b4d488936d13e3161da33a1da7df70d1b|199.99894
0x19df9445a81c1b3d804aeaeb6f6e204e4236663f|10.0007
0x9f9fe0c95f10fee87af1af207236c8f3614ef02f|483.8987870579095
0x704ae21d762d6e1dde28c235d13104597236db1a|2000.0
0xa6101c961e8e1c15798ffcd0e3201d7786ec373a|15.078069357777778
0x8eb51774af206b966b8909c45aa6722748802c0c|500.0
0x70a03549aa6168e97e88a508330a5a0bea74711a|199.99349702
0x679b9a109930517e8999099ccf2a914c4c8dd934|60.0
0x0a4a011995c681bc999fdd79754e9a324ae3b379|70.23823059078295
0x047e87c8f7d1fce3b01353a85862a948ac049f3e|578.9826874546922
0x9df057cd03a4e27e8e032f857985fd7f01adc8d7|2000.0
0x1b3cb81e51011b549d78bf720b0d924ac763a7c2|243300.00438463912
0x7f0b90a1fdd48f27b268feb38382e55ddb50ef0f|100.863293092
0xa8285539869d88f8a961533755717d7eb65576ae|200.0
0x122f56122549d168a5c5e267f52662e5c5cce5c8|70.982419826
0x6af8e55969682c715f48ad4fc0fbb67eb59795a3|2000.0
0x5c312a56c784b122099b764d059c21ece95e84ca|95.0
0x352e77c861696ef96ad54934f894aa8ea35151dd|1000.0
0x35106ba94e8563d4b3cb3c5c692c10e604b7ced8|48.82097392
0x6be9030ee6e2fbc491aca3de4022d301772b7b7d|26.74
0x28efae6356509edface89fc61a7fdcdb39eea8e5|5348.0
0x8ce4949d8a16542d423c17984e6739fa72ceb177|299.94663240458465
0xf0e1dfa42adeac2f17f6fdf584c94862fd563393|129.79419030919087
0x8668af868a1e98885f937f2615ded6751804eb2d|20.0
0xe5102c3b711b810344197419b1cd8a7059f13e32|299.999
0x459393d63a063ef3721e16bd9fde45ee9dbd77fb|1968.818
0xb535f8db879fc67fec58824a5cbe6e5498aba692|26.24434284465997
0x68f525921dc11c329b754fbf3e529fc723c834cd|1610.0
0xff207308ced238a6c01ad0213ca9eb4465d42590|200.07363871353434
0x33380c6fff5acd2651309629db9a71bf3f20c5ba|16100.001
0xd9d370fec63576ab15b318bf9e58364dc2a3552a|100.0
0x6e2eab85dc89fe29dc0aa1853247dab43a523d56|80.0
0x0d3265d3e7bdb93d5e8e8b1ca47f210a793ecc8e|200.0
0x1ebacb7844fdc322f805904fbf1962802db1537c|2626.9985448841076
0x5f23ba1f37a96c45bc490259538a54c28ba3b0d5|1200.0
0xa30e0acb534c9b3084e8501da090b4eb16a2c0cd|22.98425
0xb1c328fb98f2f19ab6646f0a7c8c566fda5a8540|2500.0
0xa80cb1738bac08d4f9c08b4deff515545fa8584f|10.075662055015597
0x6e96faeda3054302c45f58f161324c99a3eebb62|20.0
0x9bacd3d40f3b82ac91a264d9d88d908eac8664b9|4128.928378434
0xe9c6dfae97f7099fc5f4e94b784db802923a1419|48.8
0x560da37e956d862f81a75fd580a7135c1b246352|938.886867602
0x16be75e98a995a395222d00bd79ff4b6e638e191|198.97544538085447
0x8009a7cbd192b3aed4adb983d5284552c16c7451|4000.0
0x7a7068e1c3375c0e599db1fbe6b2ea23b8f407d2|2000.0
0x08504f05643fab5919f5eea55925d7a3ed7d807a|20.0
0xa639acd96b31ba53b0d08763229e1f06fd105e9d|1049.8676611295327
0x8f473d0ab876ddaa15608621d7013e6ff714b675|325.35047516
0xbf2aea5a1dcf6ed3b5e8323944e983fedfd1acfb|312.16900171087497
0x2720f9ca426ef2f2cbd2fecd39920c4f1a89e16d|2000.0
0x4280a58f8bb10b9440de94f42b4f592120820191|565.762019
0x0ea2a210312b3e867ee0d1cc682ce1d666f18ed5|9314.494392051343
0xcf264e6925130906c4d7c18591aa41b2a67f6f58|2000.0
0xfd686de53fa97f99639e2568549720bc588c9efc|1969.606
0x6de02f2dd67efdb7393402fa9eaacbcf589d2e56|1182.0
0x40df495ecf3f8b4cef2a6c189957248fe884bc2b|49.97467932048908
0xabde147b2af789eaa586547e66c4fa2664d328a4|247.545
0x9ca42ee7a0b898f6a5cc60b5a5d7b1bfa3c33231|1898.9976227100854
0x7f01dc7c3747ca608f983dfc8c9b39e755a3b914|206.98
0xed60c4ab6e540206317e35947a63a9ca6b03e2cb|57.275
0xa6f93307f8bce03195fece872043e8a03f7bd11a|1408.77813156
0x3deae43327913f62808faa1b6276a2bd6368ead9|79.986514
0x3bd9a06d1bd36c4edd27fc0d1f5b088ddae3c72a|395.120823485
0x7fef8c38779fb307ec6f044bebe47f3cfae796f1|168.561
0x0a2ade95b2e8c66d8ae6f0ba64ca57d783be6d44|4000.0
0x3a4297da3c555e46c073669d0478fce75f2f790e|1969.606
0x67a80e0190721f94390d6802729dd12c31a895ad|1505.957868
0x7d34803569e00bd6b59fff081dfa5c0ab4197a62|12.472113884401695
0x3aa07a34a1afc8967d3d1383b96b62cf96d5fa90|212.63675844832662
0x557f5e65e0da33998219ad4e99570545b2a9d511|1063.96429751
0x06d6cb308481c336a6e1a225a912f6e6355940a1|99.99578970073831
0x77cc02f623a9cf98530997ea67d95c3b491859ae|1354.9
0x9243d7762d77287b12638688b9854e88a769b271|1000.0
0x84e9cf8166c36abfa49053b7a1ad4036202681ef|2000.0
0x10f4bff0caa5027c0a6a2dcfc952824de2940909|2000.0
0x3700e3027424d939dbde5d42fb78f6c4dbec1a8f|40.0
0xa03a3dc7c533d1744295be955d61af3f52b51af5|40.0
0x8775a610c502b9f1e6ad4cdadb8ce29bff75f6e4|83.98552820056446
0x44901e0d0e08ac3d5e95b8ec9d5e0ff5f12e0393|417.5
0x56fc1a7bad4047237ce116146296238e078f93ad|178.0
0x9a6708ddb8903c289f83fe889c1edcd61f854423|1000.0
0xf558a2b2dd26dd9593aae04531fd3c3cc3854b67|46.1984126
0x416c86b72083d1f8907d84efd2d2d783dffa3efb|500.37206104920944
0x7ddd57165c87a2707f025dcfc2508c09834759bc|2155.0
0x2376ada90333b1d181084c97e645e810aa5b76f1|10.246598
0xad1d68a038fd2586067ef6d135d9628e79c2c924|1495.12445012
0xdefddfd59b8d2c154eecf5c7c167bf0ba2905d3e|69.58593918971674
0xac122a03cd058c122e5fe17b872f4877f9df9572|1969.606
0x2dca0e449ab646dbdfd393a96662960bcab5ae1e|40000.0033
0x3a10888b7e149cae272c01302c327d0af01a0b24|17.0
0x425177eb74ad0a9d9a5752228147ee6d6356a6e6|13.37
0xc2d1778ef6ee5fe488c145f3586b6ebbe3fbb445|50.1155495291
0x118c18b2dce170e8f445753ba5d7513cb7636d2d|8800.0
0xb44815a0f28e569d0e921a4ade8fb2642526497a|55.5
0x1327d759d56e0ab87af37ecf63fe01f310be100a|659.2
0xe8d942d82f175ecb1c16a405b10143b3f46b963a|568.6
0x94644ad116a41ce2ca7fbec609bdef738a2ac7c7|49.97467932048908
0x610fd6ee4eebab10a8c55d0b4bd2e7d6ef817156|20.002
0xfdeaac2acf1d138e19f2fc3f9fb74592e3ed818a|668.5
0xc70fa45576bf9c865f983893002c414926f61029|80.169193
0xc6ee35934229693529dc41d9bb71a2496658b88e|19700.0
0x6edf7f5283725c953ee64317f66188af1184b033|8050.0
0xe8fc36b0131ec120ac9e85afc10ce70b56d8b6ba|85.98946117094994
0x6679aeecd87a57a73f3356811d2cf49d0c4d96dc|600.0
0x52cd20403ba7eda6bc307a3d63b5911b817c1263|20.0
0x7086b4bde3e35d4aeb24b825f1a215f99d85f745|1999.8
0xf7b29b82195c882dab7897c2ae95e77710f57875|777.993994
0x107379d4c467464f235bc18e55938aad3e688ad7|50.0
0x07af938c1237a27c9030094dcf240750246e3d2c|75.8888547506513
0x1f174f40a0447234e66653914d75bc003e5690dc|160.0
0x5ce2e7ceaaa18af0f8aafa7fbad74cc89e3cd436|20000.001
0x7608f437b31f18bc0b64d381ae86fd978ed7b31f|50.0
0xc6dbdb9efd5ec1b3786e0671eb2279b253f215ed|1000.0
0x9156d18029350e470408f15f1aa3be9f040a67c6|1000.0
0x85d0d88754ac84b8b21ba93dd2bfec72626faba8|317.1850787720764
0xb287f7f8d8c3872c1b586bcd7d0aedbf7e732732|20.0
0x0bb54c72fd6610bfa4363397e020384b022b0c49|44.97921943092567
0x206482ee6f138a778fe1ad62b180ce856fbb23e6|104.98479132
0x4058808816fdaa3a5fc98ed47cfae6c18315422e|199.8
0x055eac4f1ad3f58f0bd024d68ea60dbe01c6afb3|100.0
0x75b95696e8ec4510d56868a7c1a735c68b244890|6410.980000007778
0xeb25481fcd9c221f1ac7e5fd1ecd9307a16215b8|100.9457895
0x6a4c8907b600248057b1e46354b19bdc859c991a|20.0
0x84375afbf59b3a1d61a1be32d075e0e15a4fbca5|19.999372
0x3f6dd3650ee428dcb7759553b017a96a94286ac9|1337.0
0x4bb6d86b8314c22d8d37ea516d0019f156aae12d|1000.0
0x30511832918d8034a7bee72ef2bfee440ecbbcf6|16100.0
0xf99aee444b5783c093cfffd1c4632cf93c6f050c|100.151070068
0x47cf9cdaf92fc999cc5efbb7203c61e4f1cdd4c3|131.4
0x6fc25e7e00ca4f60a9fe6f28d1fde3542e2d1079|10.978933
0x9c98fdf1fdcd8ba8f4c5b04c3ae8587efdf0f6e6|450.973101143
0x4e2310191ead8d3bc6489873a5f0c2ec6b87e1be|548.99559
0xdfaf31e622c03d9e18a0ddb8be60fbe3e661be0a|548.7976723424285
0x29aef48de8c9fbad4b9e4ca970797a5533eb722d|10000.0
0x767ac690791c2e23451089fe6c7083fe55deb62b|820.0
0x2c6b699d9ead349f067f45711a074a641db6a897|20.0
0x7864dc999fe4f8e003c0f43decc39aae1522dc0f|94.4
0xe96b184e1f0f54924ac874f60bbf44707446b72b|11.89702774795631
0x448bf410ad9bbc2fecc4508d87a7fc2e4b8561ad|199.955
0xbd432a3916249b4724293af9146e49b8280a7f2a|891.3855632059618
0x39936c2719450b9420cc2522cf91db01f227c1c1|500.0
0x3286d1bc657a312c8847d93cb3cb7950f2b0c6e3|99.97467932048907
0xd331c823825a9e5263d052d8915d4dcde07a5c37|470.027912919
0x893608751d68d046e85802926673cdf2f57f7cb8|162.3700519546068
0xe321bb4a946adafdade4571fb15c0043d39ee35f|1575.212
0x84ec06f24700fe42414cb9897c154c88de2f6132|335.99958
0x9340345ca6a3eabdb77363f2586043f29438ce0b|530.922
0xb183ebee4fcb42c220e47774f59d6c54d5e32ab1|77.262510248
0x3616d448985f5d32aefa8b93a993e094bd854986|205.4
0x991173601947c2084a62d639527e961512579af9|600.0
0x523e140dc811b186dee5d6c88bf68e90b8e096fd|68.4770026627506
0x2a2ab6b74c7af1d9476bb5bcb4524797bedc3552|20.007959324652845
0x979d681c617da16f21bcaca101ed16ed015ab696|154.06525095533692
0x92558226b384626cad48e09d966bf1395ee7ea5d|334.25
0x2c2db28c3309375eea3c6d72cd6d0eec145afcc0|2000.0
0xabcdbc8f1dd13af578d4a4774a62182bedf9f9be|36.66
0x65fd02d704a12a4dace9471b0645f962a89671c8|28.615
0x7db4c7d5b797e9296e6382f203693db409449d62|400.0
0x107a03cf0842dbdeb0618fb587ca69189ec92ff5|39.54854992235835
0x97e28973b860c567402800fbb63ce39a048a3d79|97.0
0x781b1501647a2e06c0ed43ff197fccec35e1700b|10.7962089645
0xd037d215d11d1df3d54fbd321cd295c5465e273b|1400.0
0x1c99fe9bb6c6d1066d912099547fd1f4809eacd9|98.9194
0x4677b04e0343a32131fd6abb39b1b6156bba3d5b|200.0
0x532d32b00f305bcc24dcef56817d622f34fb2c24|1800.0
0xe0f372347c96b55f7d4306034beb83266fd90966|400.0
0x5af7c072b2c5acd71c76addcce535cf7f8f93585|20.0
0x32fa0e86cd087dd68d693190f32d93310909ed53|1281.6371120358735
0x008639dabbe3aeac887b5dc0e43e13bcd287d76c|310.2
0xc721b2a7aa44c21298e85039d00e2e460e670b9c|22.267230385
0x72b05962fb2ad589d65ad16a22559eba1458f387|133.7
0x967bfaf76243cdb9403c67d2ceefdee90a3feb73|74.58786488
0x92ad1b3d75fba67d54663da9fc848a8ade10fa67|155.79153113802096
0x2c6f5c124cc789f8bb398e3f889751bc4b602d9e|24.928
0x08b7bdcf944d5570838be70460243a8694485858|275.3316047606259
0x3d3fad49c9e5d2759c8e8e5a7a4d60a0dd135692|20.0
0x854691ce714f325ced55ce5928ce9ba12facd1b8|4380.0
0x644ba6c61082e989109f5c11d4b40e991660d403|1999.99763636
0x066647cfc85d23d37605573d208ca154b244d76c|10000.0
0xc9dcbb056f4db7d9da39936202c5bd8230b3b477|453.31219657201405
0xd64a2d50f8858537188a24e0f50df1681ab07ed7|20002.0331774781
0xfb8113f94d9173eefd5a3073f516803a10b286ae|80.0
0xc90c3765156bca8e4897ab802419153cbe5225a9|173.869844
0xd0b11d6f2bce945e0c6a5020c3b52753f803f9d1|200.0
0x52e1731350f983cc2c4189842fde0613fad50ce1|640.6585149077778
0xc4681e73bb0e32f6b726204831ff69baa4877e32|1820.0
0x29eb7eefdae9feb449c63ff5f279d67510eb1422|19.4
0xf4ec8e97a20aa5f8dd206f55207e06b813df2cc0|15.52439312648018
0x491561db8b6fafb9007e62d050c282e92c4b6bc8|30023.00000576
0xc06cebbbf7f5149a66f7eb976b3e47d56516da2f|2000.0
0x69c94e07c4a9be3384d95dfa3cb9290051873b7b|70.0
0x819cdaa5303678ef7cec59d48c82163acc60b952|23.449897635577184
0x3ddedbe48923fbf9e536bf9ffb0747c9cdd39eef|16100.001
0x163bad4a122b457d64e8150a413eae4d07023e6b|18.8
0x43e7ec846358d7d0f937ad1c350ba069d7bf72bf|118.8
0xf757fc8720d3c4fa5277075e60bd5c411aebd977|1100.3578778283256
0x79ffb4ac13812a0b78c4a37b8275223e176bfda5|17.3
0x62e6b2f5eb94fa7a43831fc87e254a3fe3bf8f89|49.99958
0xc88eec54d305c928cc2848c2fee23531acb96d49|1999.946
0x49ddee902e1d0c99d1b11af3cc8a96f78e4dcf1a|199.358
0x6a7c252042e7468a3ff773d6450bba85efa26391|500.0
0xb2d9ab9664bcf6df203c346fc692fd9cbab9205e|438.0
0x2a400dff8594de7228b4fd15c32322b75bb87da8|16.00094501
0xcdea386f9d0fd804d02818f237b7d9fa7646d35e|29.798671692
0xdcf6b657266e91a4dae6033ddac15332dd8d2b34|1760.0
0x7f0662b410298c99f311d3a1454a1eedba2fea76|123.1513414056616
0xc1ffad07db96138c4b2a530ec1c7de29b8a0592c|17.6
0x264cc8086a8710f91b21720905912cd7964ae868|26.74
0xbc69a0d2a31c3dbf7a9122116901b2bdfe9802a0|3000.0
0xf0d64cf9df09741133d170485fd24b005011d520|498.68
0x23120046f6832102a752a76656691c863e17e59c|329.8
0xde176b5284bcee3a838ba24f67fc7cbf67d78ef6|37.6
0xfa410971ad229c3036f41acf852f2ac999281950|95.892830188
0xd781f7fc09184611568570b4986e2c72872b7ed0|20.002
0x369822f5578b40dd1f4471706b22cd971352da6b|346.0
0x1aa27699cada8dc3a76f7933aa66c71919040e88|400.0
0x34ff582952ff24458f7b13d51f0b4f987022c1fe|873.5463504028179
0x2a742b8910941e0932830a1d9692cfd28494cf40|499.986
0xc52d1a0c73c2a1be84915185f8b34faa0adf1de3|1400.001
0xb7c077946674ba9341fb4c747a5d50f5d2da6415|1000.0
0x66925de3e43f4b41bf9dadde27d5488ef569ea0d|39.4
0x455396a4bbd9bae8af9fb7c4d64d471db9c24505|161.0
0x2e2810dee44ae4dff3d86342ab126657d653c336|23.25886399
0x0a9804137803ba6868d93a55f9985fcd540451e4|13.37
0xfc02734033e57f70517e0afc7ee62461f06fad8e|394.0
0xf40b134fea22c6b29c8457f49f000f9cda789adb|36.952641702
0x252b6555afdc80f2d96d972d17db84ea5ad521ac|14.982085164
0x55da9dcdca61cbfe1f133c7bcefc867b9c8122f9|880.0
0x9092918707c621fdbd1d90fb80eb787fd26f7350|11.061177389489078
0x2eebf59432b52892f9380bd140aa99dcf8ad0c0f|152.0
0x3f30d3bc9f602232bc724288ca46cd0b0788f715|4000.0
0x932b9c04d40d2ac83083d94298169dae81ab2ed0|1358.9332969947627
0xdee942d5caf5fac11421d86b010b458e5c392990|31.50353104327246
0xe3410bb7557cf91d79fa69d0dfea0aa075402651|2000.0
0x60de22a1507432a47b01cc68c52a0bf8a2e0d098|19.1
0x7514adbdc63f483f304d8e94b67ff3309f180b82|622.911
0x135cecd955e5798370769230159303d9b1839f66|5000.0
0x494256e99b0f9cd6e5ebca3899863252900165c8|14000.0
0x7f3a1e45f67e92c880e573b43379d71ee089db54|44997.578248353246
0x0413d0cf78c001898a378b918cd6e498ea773c4d|30.55729581000001
0xe5dc9349cb52e161196122cf87a38936e2c57f34|1989.974679320489
0x7d0350e40b338dda736661872be33f1f9752d755|49.933
0xc87d3ae3d88704d9ab0009dcc1a0067131f8ba3c|1969.606
0x4030a925706b2c101c8c5cb9bd05fbb4f6759b18|498.77694056
0xff545bbb66fbd00eb5e6373ff4e326f5feb5fe12|20.0
0x0a06fad7dcd7a492cbc053eeabde6934b39d8637|20.0
0xbdb60b823a1173d45a0792245fb496f1fd3301cf|2000.0
0xece111670b563ccdbebca52384290ecd68fe5c92|20.0
0x21fd0bade5f4ef7474d058b7f3d854cb1300524e|20.0
0x46c1aa2244b9c8a957ca8fac431b0595a3b86824|4000.0
0x972c2f96aa00cf8a2f205abcf8937c0c75f5d8d9|11.998068
0x06ac26ad92cb859bd5905ddce4266aa0ec50a9c5|775.0
0x1bd8ebaa7674bb18e19198db244f570313075f43|52.83576493
0x6919dd5e5dfb1afa404703b9faea8cee35d00d70|521.3056019596528
0x33ea6b7855e05b07ab80dab1e14de9b649e99b6c|500.0041699902216
0xf4d97664cc4eec9edbe7fa09f4750a663b507d79|301.4768516820048
0x9b5ec18e8313887df461d2902e81e67a8f113bb1|100.0
0x2de31afd189a13a76ff6fe73ead9f74bb5c4a629|6000.0
0x0fb5d2c673bfb1ddca141b9894fd6d3f05da6720|350.376263217
0xbe5cba8d37427986e8ca2600e858bb03c359520f|43.626137835220156
0x6cb11ecb32d3ce829601310636f5a10cf7cf9b5f|6821.994086
0xc2e2d498f70dcd0859e50b023a710a6d4b2133bd|1037.13
0x8d238e036596987643d73173c37b0ad06055b96c|2089.724
0xed41e1a28f5caa843880ef4e8b08bd6c33141edf|790.174
0x3e3cd3bec06591d6346f254b621eb41c89008d31|150.88709585630812
0x35855ec641ab9e081ed0c2a6dcd81354d0244a87|1201.897
0x09a025316f967fa8b9a1d60700063f5a68001caa|38.2
0xacc1c78786ab4d2b3b277135b5ba123e0400486b|78.8
0x8b36224c7356e751f0c066c35e3b44860364bfc2|998.987
0xafdd1b786162b8317e20f0e979f4b2ce486d765d|20.0
0x91546b79ecf69f936b5a561508b0d7e50cc5992f|267.4
0xacd8dd91f714764c45677c63d852e56eb9eece2e|307.84871935454544
0x45f4fc60f08eaca10598f0336329801e3c92cb46|200.0
0xbeb3358c50cf9f75ffc76d443c2c7f55075a0589|1366.9369435770877
0xd47f50df89a1cff96513bef1b2ae3a2971accf2c|840.0
0x77f4e3bdf056883cc87280dbe640a18a0d02a207|193.806
0x933bf33f8299702b3a902642c33e0bfaea5c1ca3|15.2
0x16526c9edf943efa4f6d0f0bae81e18b31c54079|399.991797
0x2f7d3290851be5c6b4b43f7d4574329f61a792c3|100.0
0xebaa216de9cc5a43031707d36fe6d5bedc05bdf0|1969.606
0xd7ca7fdcfebe4588eff5421d1522b61328df7bf3|260.015857286
0x052eab1f61b6d45517283f41d1441824878749d0|49.89871728195631
0xdbc59ed88973dead310884223af49763c05030f1|20.0
0xd4b38a5fdb63e01714e9801db47bc990bd509183|1000.008089
0x39f198331e4b21c1b760a3155f4ab2fe00a74619|967.043364
0xea94f32808a2ef8a9bf0861d1d2404f7b7be258a|20.0
0x1111e5dbf45e6f906d62866f1708101788ddd571|400.170730707326
0xe20bb9f3966419e14bbbaaaa6789e92496cfa479|1733.1200025500816
0x38e46de4453c38e941e7930f43304f94bb7b2be8|1119.389909359
0xb635a4bc71fb28fdd5d2c322983a56c284426e69|170.0
0xaf3087e62e04bf900d5a54dc3e946274da92423b|20.0
0x632cecb10cfcf38ec986b43b8770adece9200221|20.0
0x721158be5762b119cc9b2035e88ee4ee78f29b82|1436.8089352922489
0x205237c4be146fba99478f3a7dad17b09138da95|2000.0
0x5e731b55ced452bb3f3fe871ddc3ed7ee6510a8f|3000.0
0x6f18ec767e320508195f1374500e3f2e125689ff|16.193305
0x019d709579ff4bc09fdcdde431dc1447d2c260bc|20.0
0x6d1456fff0104ee844a3314737843338d24cd66c|141.84
0x54a1370116fe22099e015d07cd2669dd291cc9d1|20.0
0x92a971a739799f8cb48ea8475d72b2d2474172e6|102.91138267738614
0xcd59f3dde77e09940befb6ee58031965cae7a336|10000.0
0xd1c45954a62b911ad701ff2e90131e8ceb89c95c|13.974679320489077
0x54b4429b182f0377be7e626939c5db6440f75d7a|500.8774722774316
0x38b50146e71916a5448de12a4d742135dcf39833|32200.00000842
0x6580b1bc94390f04b397bd73e95d96ef11eaf3a8|20.0
0x3439998b247cb4bf8bc80a6d2b3527f1dfe9a6d2|140.0
0xaf67fd3e127fd9dc36eb3fcd6a80c7be4f7532b2|20.649696110378372
0x80f07ac09e7b2c3c0a3d1e9413a544c73a41becb|20.0
0x45bb829652d8bfb58b8527f0ecb621c29e212ec3|2000.0
0x4f7330096f79ed264ee0127f5d30d2f73c52b3d8|229.3203870843406
0xfdf449f108c6fb4f5a2b081eed7e45e6919e4d25|25.213557255387638
0x99997668f7c1a4ff9e31f9977ae3224bcb887a85|46.53668070077778
0xb119e79aa9b916526581cbf521ef474ae84dcff4|50.05711425267175
0x8895eb726226edc3f78cc6a515077b3296fdb95e|3940.0
0x0d8aab8f74ea862cdf766805009d3f3e42d8d00b|5472.79329455
0x34a901a69f036bcf9f7843c0ba01b426e8c3dc2b|688.5867983006726
0x5e58e255fc19870a04305ff2a04631f2ff294bb1|17.6
0x8c83d424a3cf24d51f01923dd54a18d6b6fede7b|1452.1891905
0x74b7e0228baed65957aebb4d916d333aae164f0e|2710.673439259521
0x926082cb7eed4b1993ad245a477267e1c33cd568|374.3
0xce26f9a5305f8381094354dbfc92664e84f902b5|230.2
0x873e49135c3391991060290aa7f6ccb8f85a78db|20.0
0x0ef54ac7264d2254abbb5f8b41adde875157db7c|40.0
0xb959dce02e91d9db02b1bd8b7d17a9c41a97af09|971.626504391166
0x888e94917083d152202b53163939869d271175b4|1014.1682173702475
0xcbfa76db04ce38fb205d37b8d377cf1380da0317|1430.0
0x9eb281c32719c40fdb3e216db0f37fbc73a026b7|20.0
0x8a66abbc2d30ce21a833b0db8e561d5105e0a72c|318.206643326
0x7b1daf14891b8a1e1bd429d8b36b9a4aa1d9afbf|500.0
0x2476b2bb751ce748e1a4c4ff7b230be0c15d2245|949.996756
0x7d551397f79a2988b064afd0efebee802c7721bc|93.99473908
0x44a63d18424587b9b307bfc3c364ae10cd04c713|20.0
0xcb3d766c983f192bcecac70f4ee03dd9ff714d51|100.0
0xc98048687f2bfcc9bd90ed18736c57edd352b65d|1000.0
0x82485728d0e281563758c75ab27ed9e882a0002d|22.3754848
0xf02796295101674288c1d93467053d042219b794|30.359270858
0xdbadc61ed5f0460a7f18e51b2fb2614d9264a0e0|40.0
0xa0fc7e53c5ebd27a2abdac45261f84ab3b51aefb|132.41503056424662
0xe7912d4cf4562c573ddc5b71e37310e378ef86c9|394.0
0xd4344f7d5cad65d17e5c2d0e7323943d6f62fe92|28.04922176332189
0xfa33553285a973719a0d5f956ff861b2d89ed304|20.0
0xde07fb5b7a464e3ba7fbe09e9acb271af5338c58|50.0
